"Amino Acid","3-Letter","1-Letter","Side-chain polarity"
Alanine,Ala,A,non-polar
Arginine,Arg,R,"basic polar"
Asparagine,Asn,N,polar
"Aspartic acid",Asp,D,"acidic polar"
Cysteine,Cys,C,non-polar
"Glutamic acid",Glu,E,"acidic polar"
Glutamine,Gln,Q,polar
Glycine,Gly,G,non-polar
Histidine,His,H,"basic polar"
Isoleucine,Ile,I,non-polar
Leucine,Leu,L,non-polar
Lysine,Lys,K,"basic polar"
Methionine,Met,M,non-polar
Phenylalanine,Phe,F,non-polar
Proline,Pro,P,non-polar
Serine,Ser,S,polar
Threonine,Thr,T,polar
Tryptophan,Trp,W,non-polar
Tyrosine,Tyr,Y,polar
Valine,Val,V,non-polar
Maxine,Max,M,polar
